Crack Length,Temperature,Healing Efficiency,Peak Stress
2.3,330.0,0.9499999997315922,6.3762252123664656
